{"cameraMode":{"drawMode":0,"name":"Shaded","section":"Shading Mode"},"sceneLighting":false,"audioPlay":true,"sceneViewState":{"showFog":true,"showMaterialUpdate":true,"showSkybox":false,"showFlares":true,"showImageEffects":true,"showParticleSystems":true},"in2DMode":false,"pivot":{"x":-0.015567779541015625,"y":2.273305654525757,"z":0.01663827896118164},"rotation":{"x":0.06347861140966416,"y":-0.6953056454658508,"z":0.06195767968893051,"w":0.7133249640464783},"size":9.324225425720215,"orthographic":false}