{"cameraMode":{"drawMode":0,"name":"Shaded","section":"Shading Mode"},"sceneLighting":true,"audioPlay":false,"sceneViewState":{"showFog":true,"showMaterialUpdate":true,"showSkybox":true,"showFlares":true,"showImageEffects":true,"showParticleSystems":true},"in2DMode":false,"pivot":{"x":-0.2544308006763458,"y":2.254558563232422,"z":-9.297501564025879},"rotation":{"x":0.03630349412560463,"y":0.0033052440267056228,"z":-0.0001459249760955572,"w":0.9993849396705627},"size":10.018058776855469,"orthographic":false}